{
  "bind_K↦Spike": 2.4755257666120113e-6,
  "bind_K↦G": 2.764e-6,
  "deg_K↦G": 1.502,
  "deg_K↦Spike": 0.002071682611934119,
  "deg_K↦K": 0.48975728413520586,
  "deg_K↦K_inact": 0.32938520608700617,
  "unbind_K↦K_inact": 0.003866746351907911,
  "unbind_K↦G": 8.78e-1,
  "bind_K↦K": 0.0009045290712147298,
  "unbind_K↦K": 0.0018119441337901877,
  "inact_K": 1.5748196051868443e-9,
  "unbind_K↦Spike": 8.036086403807387e-6,
  "bind_K↦K_inact": 0.0007879098702883402,
  "bind_K↦E": 9.668e-6,
  "deg_K↦E": 1.728,
  "unbind_K↦E": 1e-2,
  
  "inact_S": 0.026838169476425186,
  "bind_S↦S": 2.2186112965046653e-7,
  "bind_S↦S_inact": 1.4454783231315274e-7,
  "unbind_S↦Spike": 0.18166110777143138,
  "bind_S↦Spike": 2.233901079698263e-6,
  "unbind_S↦S_inact": 413.05777018817014,
  "deg_S↦S_inact": 32.150796101392054,
  "deg_S↦S": 9.390366066364829,
  "bind_S↦G": 5.152e-8,
  "deg_S↦Spike": 0.06926863674058457,
  "unbind_S↦G": 3.894e-3,
  "deg_S↦G": 0.8755,
  "unbind_S↦S": 258.59160563661226,
  "bind_S↦E": 4.197e-7,
  "deg_S↦E": 1.384e4,
  "unbind_S↦E": 1.06e-3,

  "bind_S↦K": 0.0003679,
  "bind_K↦S_inact": 0.0008822,
  "unbind_K↦S_inact": 411400.0,
  "unbind_S↦K_inact": 1562.0,
  "deg_K↦S": 9.0e-10,
  "deg_S↦K_inact": 441.0,
  "deg_K↦S_inact": 9.0e-10,
  "bind_S↦K_inact": 0.0003679,
  "unbind_K↦S": 411400.0,
  "deg_S↦K": 441.0,
  "bind_K↦S": 0.0008822,
  "unbind_S↦K": 1562.0,
  "bind_L↦K": 1e-3,
  "bind_K↦L_inact": 1.756e-4,
  "unbind_K↦L_inact": 3.729e4,
  "unbind_L↦K_inact": 4.118e3,
  "deg_K↦L": 6.505e6,
  "deg_L↦K_inact": 3.234e1,
  "deg_K↦L_inact": 6.505e6,
  "bind_L↦K_inact": 1e-3,
  "unbind_K↦L": 3.729e4,
  "deg_L↦K": 3.234e1,
  "bind_K↦L": 1.756e-4,
  "unbind_L↦K": 4.118e3,
  "bind_S↦L": 1e-3,
  "bind_L↦S_inact": 1.056e-12,
  "unbind_L↦S_inact": 5e2,
  "unbind_S↦L_inact": 5e2,
  "deg_L↦S": 5e-1,
  "deg_S↦L_inact": 1e-7,
  "deg_L↦S_inact": 5e-1,
  "bind_S↦L_inact": 1e-3,
  "unbind_L↦S": 5e2,
  "deg_S↦L": 1e-7,
  "bind_L↦S": 1.056e-12,
  "unbind_S↦L": 5e2,

  "inact_L": 7.81e-3,
  "bind_L↦L": 1e-11,
  "bind_L↦L_inact": 1e-11,
  "unbind_L↦Spike": 0.18166110777143138,
  "bind_L↦Spike": 2.233901079698263e-6,
  "unbind_L↦L_inact": 7.44e3,
  "deg_L↦L_inact": 2.67e2,
  "deg_L↦L": 2.67e2,
  "bind_L↦G": 3.394e-8,
  "deg_L↦Spike": 0.06926863674058457,
  "unbind_L↦G": 2.365e1,
  "deg_L↦G": 4.352,
  "unbind_L↦L": 7.44e3,
  "bind_L↦E": 1.977e-8,
  "deg_L↦E": 1e-2,
  "unbind_L↦E": 1.066e2
}
